DateTime,Electricity_Demand_MW,Temperature_C,Humidity_%,Wind_Speed_mps,Solar_Radiation_W_m2
2024-09-01 00:00:00,2267.253398584763,24.953722864626446,64.4578007067835,5.3612294987335005,0.0
2024-09-01 01:00:00,2262.138016852319,22.143614843217172,54.286790575533736,0.6029880403329333,81.69998945774796
2024-09-01 02:00:00,2374.9345722236953,24.46165619682687,60.663555007105444,4.855613180440086,161.87806269421458
2024-09-01 03:00:00,2000.0,25.414987301907892,61.29608319986229,6.005195199783798,239.04065390774488
2024-09-01 04:00:00,2071.897082217688,23.161178091304407,66.23602862480146,1.6476182858594695,311.7503700212601
2024-09-01 05:00:00,2000.0,22.005262650018427,65.8688913681782,4.590971527454367,378.6527665956316
2024-09-01 06:00:00,2757.7011576381988,24.045796952074394,60.18404391101455,5.116918472309583,438.50157856687446
2024-09-01 07:00:00,2962.001681893138,25.35349153579858,71.66785530315443,3.8421758591078525,490.18193580626524
2024-09-01 08:00:00,3000.15122817585,26.447219865947847,62.90510442214366,2.6358251593631876,532.7311310414251
2024-09-01 09:00:00,3405.5450547015826,27.397304588352252,58.22928411330113,3.845070261572354,565.3565532712923
2024-09-01 10:00:00,3466.1886687882775,27.493737589244596,64.46503338955651,8.328738134508226,587.4504526093938
2024-09-01 11:00:00,3694.1161378076,24.869415974052103,71.76665837512738,2.9379438080000697,598.6012615143236
2024-09-01 12:00:00,3641.7113526427897,26.359251613544444,64.83345799644387,7.164536675248931,598.6012615143235
2024-09-01 13:00:00,3740.094867043399,27.946430407431016,63.217167241414316,6.2227432324745635,587.4504526093938
2024-09-01 14:00:00,3461.885839542507,27.314447732947283,61.01713599760188,7.143563669273739,565.3565532712923
2024-09-01 15:00:00,3735.6972967235483,26.737477720422334,57.69370909436457,5.666357298873984,532.7311310414251
2024-09-01 16:00:00,3394.8916175796435,25.18592752319219,74.75401798582963,4.368330868648563,490.1819358062653
2024-09-01 17:00:00,2982.9218193771567,27.375138986980765,69.23848902146888,4.850519774930619,438.5015785668746
2024-09-01 18:00:00,3271.647198598471,27.66706365660862,66.2965681534958,2.5118682133649393,378.6527665956317
2024-09-01 19:00:00,2695.453445666989,26.175258848913995,60.41083654565743,4.363554537229124,311.75037002126027
2024-09-01 20:00:00,2878.4907518858304,24.851628779010646,58.66826438950091,3.2331334078551808,239.0406539077451
2024-09-01 21:00:00,2639.712052240134,27.37812791485038,71.25429604887515,2.692361757095321,161.87806269421458
2024-09-01 22:00:00,2832.8746991457033,25.760509372503876,65.27283633117516,1.99013652818997,81.69998945774799
2024-09-01 23:00:00,2378.833123203569,28.92547534490957,55.262173026947096,5.54713939627301,7.347880794884119e-14
2024-09-02 00:00:00,2273.011777604119,26.320834547333366,60.0413079804355,4.507445499566836,0.0
2024-09-02 01:00:00,2106.436734196302,26.62034206247434,57.850513606161584,4.754762318488862,81.69998945774796
2024-09-02 02:00:00,2014.5495872180857,27.45091709837002,59.285221686370406,6.120951670578297,161.87806269421458
2024-09-02 03:00:00,2072.0346252103905,30.598265695515845,68.65415631758368,4.535046788606011,239.04065390774488
2024-09-02 04:00:00,2043.177595292974,27.181824141741792,73.92484088917111,6.245494050328317,311.7503700212601
2024-09-02 05:00:00,2278.115384456062,26.287108629088543,68.3673382485773,4.403231569498375,378.6527665956316
2024-09-02 06:00:00,2503.167074845604,26.207150258970326,63.768131853782755,4.8219179198283575,438.50157856687446
2024-09-02 07:00:00,2961.4999677516216,30.552218338000902,60.350002854111736,5.365883522300824,490.18193580626524
2024-09-02 08:00:00,3445.7239312908137,28.837966628173643,60.781446932894994,4.145871691285645,532.7311310414251
2024-09-02 09:00:00,3454.085753266408,29.202043087863917,69.58599334417754,7.385830725563455,565.3565532712923
2024-09-02 10:00:00,3749.2144772595766,28.757396501044774,69.45738955889323,3.721883977400588,587.4504526093938
2024-09-02 11:00:00,3672.7025639117974,27.986104244515552,70.23109653118739,2.3367255488065317,598.6012615143236
2024-09-02 12:00:00,3551.2129505998178,26.73481714684456,73.85418763205251,3.8768377819264845,598.6012615143235
2024-09-02 13:00:00,3842.499646278144,27.096314867097696,72.67635369220918,1.7882491761746158,587.4504526093938
2024-09-02 14:00:00,3678.1293637495614,27.162944234339378,65.47032809064501,7.472877920123803,565.3565532712923
2024-09-02 15:00:00,3382.0600163602185,27.63819965686723,66.33354555377366,4.788165301363152,532.7311310414251
2024-09-02 16:00:00,3331.0985643235617,30.69641450509327,70.40738990560178,7.103683760973654,490.1819358062653
2024-09-02 17:00:00,3278.9073720281704,32.14578224527268,66.53177816369659,8.019611155793157,438.5015785668746
2024-09-02 18:00:00,3190.620551200125,31.57353965185088,65.16043307383914,3.9754899168082027,378.6527665956317
2024-09-02 19:00:00,3076.630675192787,30.873970681958234,69.40530644389074,8.052441159535965,311.75037002126027
2024-09-02 20:00:00,2936.330329075089,29.970731689074594,67.40462869022878,5.212819165054272,239.0406539077451
2024-09-02 21:00:00,2925.3194029690612,28.65534588332239,70.27147803566943,3.121009595840525,161.87806269421458
2024-09-02 22:00:00,2739.6923844828625,32.64269511462986,58.500178396268566,3.3790588934136974,81.69998945774799
2024-09-02 23:00:00,2619.1220166892917,28.749886756064097,66.24192472119934,2.598188517910157,7.347880794884119e-14
2024-09-03 00:00:00,2344.033633438972,30.330365005175057,61.36895989073974,5.514025979586,0.0
2024-09-03 01:00:00,2489.0139978454345,32.09901157697543,72.89087195170262,4.028421722963224,81.69998945774796
2024-09-03 02:00:00,2054.5649493815445,29.200204524114252,61.68991239784043,2.0279805658842665,161.87806269421458
2024-09-03 03:00:00,2000.0,29.081786535365698,66.72478134978293,3.7142403391905234,239.04065390774488
2024-09-03 04:00:00,2000.0,28.623988356533854,71.09419571232608,9.46946470706407,311.7503700212601
2024-09-03 05:00:00,2020.0094910224127,28.204318130556956,68.2559177428523,6.775869633933018,378.6527665956316
2024-09-03 06:00:00,2696.897075274431,29.813074166269157,66.44539555148135,5.75762252768603,438.50157856687446
2024-09-03 07:00:00,3227.7645416599453,32.26745097289857,69.67644345079488,3.399334176800984,490.18193580626524
2024-09-03 08:00:00,3375.5244999438705,26.046147042683685,73.11137296170394,5.295832964208857,532.7311310414251
2024-09-03 09:00:00,3652.5984925280745,32.60913662666205,68.5745845514094,7.1449422066162045,565.3565532712923
2024-09-03 10:00:00,3678.3666650695477,31.042138398092607,69.05386344560496,3.8583242744758754,587.4504526093938
2024-09-03 11:00:00,3616.885804256508,29.601718293496905,64.68765896438626,2.4632399619704497,598.6012615143236
2024-09-03 12:00:00,3695.797720656949,32.54251647821591,63.62334547456973,4.9763408011533015,598.6012615143235
2024-09-03 13:00:00,3847.825307843177,24.529119385453424,72.31967875946069,4.62673795967122,587.4504526093938
2024-09-03 14:00:00,3723.052666654879,29.908748370896138,76.2127038727854,4.633210727850965,565.3565532712923
2024-09-03 15:00:00,3549.658818881177,29.332932157267816,75.6517145049153,4.281897325827885,532.7311310414251
2024-09-03 16:00:00,3542.136587914853,30.585973449940056,75.0705751062497,5.801667789884212,490.1819358062653
2024-09-03 17:00:00,3332.4954868804857,28.522083792801432,70.25406996020422,6.104740678101104,438.5015785668746
2024-09-03 18:00:00,3344.6926274850966,27.30693623378293,72.89222755100754,4.873632370555601,378.6527665956317
2024-09-03 19:00:00,2937.0466595374614,31.20805618445269,66.96145436861799,6.972116996918597,311.75037002126027
2024-09-03 20:00:00,3228.1749272310876,32.870956805973215,73.30543097445299,1.8250849365477464,239.0406539077451
2024-09-03 21:00:00,3168.3687309056104,29.485362162701307,69.02284193282095,10.115157707190424,161.87806269421458
2024-09-03 22:00:00,2725.7946277947876,30.698685017891723,73.51006417552138,5.161453855439447,81.69998945774799
2024-09-03 23:00:00,2379.0382773155834,30.113941236219006,81.05572556052651,2.6504743185302604,7.347880794884119e-14
2024-09-04 00:00:00,2507.6800207220426,31.6573592592016,71.15576053879582,6.6352854850413445,0.0
2024-09-04 01:00:00,2319.9299413845592,36.3491485773492,73.38285018810646,5.757218288040486,81.69998945774796
2024-09-04 02:00:00,2118.622314985351,33.08606591799413,67.51581049782496,0.40029702010313173,161.87806269421458
2024-09-04 03:00:00,2000.0,28.55214239596441,65.25623286943633,2.340016299310941,239.04065390774488
2024-09-04 04:00:00,2000.0,27.66988550128011,64.69243926353862,4.660351306646925,311.7503700212601
2024-09-04 05:00:00,2461.465337232767,35.21345409558312,72.05851112478196,5.300515030831148,378.6527665956316
2024-09-04 06:00:00,2494.822395812772,34.98270644710839,78.85860840973444,5.567062707197299,438.50157856687446
2024-09-04 07:00:00,3361.9715114360943,34.32459198763499,60.5120780055259,2.886909978760723,490.18193580626524
2024-09-04 08:00:00,3385.64139207439,32.67074772233907,64.50989466876149,3.8344359498642495,532.7311310414251
2024-09-04 09:00:00,3445.5190831111713,30.828581270632654,60.102219228717665,4.204199730264085,565.3565532712923
2024-09-04 10:00:00,3750.817894129303,31.48766082814631,77.78798283345597,5.31246856595997,587.4504526093938
2024-09-04 11:00:00,3857.7557021933458,31.205622817765477,75.99624482672,5.90951502016204,598.6012615143236
2024-09-04 12:00:00,3594.414975820126,36.15651204841128,76.82557959930354,3.7702583715659372,598.6012615143235
2024-09-04 13:00:00,3601.387507088794,31.286360702440522,69.14211350373205,5.789622409276291,587.4504526093938
2024-09-04 14:00:00,3766.1086634726144,34.40234381219489,71.54998206129245,2.8503226735793827,565.3565532712923
2024-09-04 15:00:00,4023.3375534127117,28.481520081132622,65.92483409264813,4.385155906664986,532.7311310414251
2024-09-04 16:00:00,3504.600995291382,29.623807377553167,75.6878891621586,5.775857200632029,490.1819358062653
2024-09-04 17:00:00,3299.913843046671,32.715983004189674,66.31696426785257,6.453108879017111,438.5015785668746
2024-09-04 18:00:00,3438.6589341788995,34.491828576233964,69.17213575271649,3.0632623321488786,378.6527665956317
2024-09-04 19:00:00,3120.8922153736767,32.49287414090241,78.20498804405223,4.080941223688955,311.75037002126027
2024-09-04 20:00:00,3014.457859091009,31.487065575672794,78.8898163888801,4.57359975490981,239.0406539077451
2024-09-04 21:00:00,3026.6350312718314,25.782886228637725,72.39668838381643,4.729676116480507,161.87806269421458
2024-09-04 22:00:00,3147.2385727812616,33.13464774871179,76.95392917632796,5.72626383611426,81.69998945774799
2024-09-04 23:00:00,2675.1272372006115,29.206611860976334,67.13731182038293,6.591351013057173,7.347880794884119e-14
2024-09-05 00:00:00,2460.3996303661324,35.859535743618466,73.83475906718309,4.68458254351836,0.0
2024-09-05 01:00:00,2303.6480003019947,33.48801500177597,75.45408153471789,9.855181298320055,81.69998945774796
2024-09-05 02:00:00,2000.0,33.91055657581962,71.61914561771681,5.818797493146154,161.87806269421458
2024-09-05 03:00:00,2133.329366940417,30.234175906460322,82.98842322601546,7.433630574791243,239.04065390774488
2024-09-05 04:00:00,2000.0,30.862438029351615,70.09979283188785,-1.24217901001927,311.7503700212601
2024-09-05 05:00:00,2304.389633766677,33.14894341505614,88.37859396093785,3.035198523082519,378.6527665956316
2024-09-05 06:00:00,2828.826697923406,31.56370259082976,73.63640813147889,6.464488259838463,438.50157856687446
2024-09-05 07:00:00,3245.454031782609,32.32641336250394,84.60886225946342,3.608511068224299,490.18193580626524
2024-09-05 08:00:00,3194.7193556979996,36.0765544103638,65.912326312243,6.302773278073874,532.7311310414251
2024-09-05 09:00:00,3546.8059391472216,34.086730293534465,70.77948159856875,3.9167710615751323,565.3565532712923
2024-09-05 10:00:00,4009.2946554357286,32.988170027429575,82.52473947430678,3.997967135749142,587.4504526093938
2024-09-05 11:00:00,3941.702851943352,32.971686371478945,76.00446043784574,6.2746688024333475,598.6012615143236
2024-09-05 12:00:00,3733.773567116195,32.83420053281387,74.85150462480183,6.65544831786895,598.6012615143235
2024-09-05 13:00:00,3867.251806859532,34.860531408414445,76.09505775632499,3.325318948805424,587.4504526093938
2024-09-05 14:00:00,3771.813958019579,32.42174699879595,78.12906836471777,4.7668380326002735,565.3565532712923
2024-09-05 15:00:00,3612.4044345408356,30.055593712589484,73.59122073047281,5.303820878791056,532.7311310414251
2024-09-05 16:00:00,3592.4803230577236,31.734612304946076,81.38704622196155,2.2467232350691373,490.1819358062653
2024-09-05 17:00:00,3496.132823647717,33.76775010482914,79.44472281845579,4.974276417842501,438.5015785668746
2024-09-05 18:00:00,3433.768184823121,32.90492187657957,81.57514520029665,5.446690530098184,378.6527665956317
2024-09-05 19:00:00,3314.3678035685202,35.63011681099342,64.29606715941956,7.537083042902799,311.75037002126027
2024-09-05 20:00:00,2824.9716686541688,38.4366600142362,76.70803453940914,5.067967114682604,239.0406539077451
2024-09-05 21:00:00,2886.5075388623018,32.79916727511744,74.75967139112413,4.472023890100904,161.87806269421458
2024-09-05 22:00:00,2669.5016963677276,35.111518260795386,72.07204808704044,6.2627863986802925,81.69998945774799
2024-09-05 23:00:00,2792.655722926228,31.050701822866863,79.21334356221284,7.618239378743729,7.347880794884119e-14
2024-09-06 00:00:00,2723.942798672463,36.24392461733356,80.27880403008292,3.2319667258444174,0.0
2024-09-06 01:00:00,2364.279133347611,33.970766204975554,76.76564727320749,3.710988151670411,81.69998945774796
2024-09-06 02:00:00,2094.5254490247376,30.90941563403697,72.03027056688539,4.55218094527967,161.87806269421458
2024-09-06 03:00:00,2080.1921306151758,34.348566513736436,71.02143131010268,5.253326277243547,239.04065390774488
2024-09-06 04:00:00,2000.0,36.097937775709674,75.08998168601792,8.732501692684636,311.7503700212601
2024-09-06 05:00:00,2383.7802688789616,35.208299220095284,71.72393952147479,7.231332479726335,378.6527665956316
2024-09-06 06:00:00,2648.161084389196,33.86247272513208,74.69285527762808,3.8658414624924937,438.50157856687446
2024-09-06 07:00:00,3342.6294295220014,34.71772681561485,77.4110353897738,6.182343085288597,490.18193580626524
2024-09-06 08:00:00,3371.3441026096657,36.21109150495868,90.53547712745893,9.389470308276795,532.7311310414251
2024-09-06 09:00:00,3430.696659799556,35.29855549083673,79.14888663730804,4.7533572493049645,565.3565532712923
2024-09-06 10:00:00,4064.4831870288413,36.11500166185061,78.33430823879435,4.322619589088698,587.4504526093938
2024-09-06 11:00:00,3508.080648487986,34.752799460161405,78.62635613313726,3.574569202956667,598.6012615143236
2024-09-06 12:00:00,3763.78238986695,32.28102813758515,75.01689825644101,6.24129936177027,598.6012615143235
2024-09-06 13:00:00,3893.878120150166,34.19910580532105,78.39562105900472,5.443998813884334,587.4504526093938
2024-09-06 14:00:00,3704.232630531742,31.515507733336605,69.78478491156292,5.907327813373071,565.3565532712923
2024-09-06 15:00:00,3699.8919373125877,34.50249354510827,79.94978959808311,7.000581777329433,532.7311310414251
2024-09-06 16:00:00,3590.250830411017,31.269841115273184,82.9454995217525,3.1756816692766447,490.1819358062653
2024-09-06 17:00:00,3378.875544933751,34.072191269836736,79.9941901370406,4.489953142966705,438.5015785668746
2024-09-06 18:00:00,3648.8163391352346,33.757325436830875,83.2646392487129,6.679704583249335,378.6527665956317
2024-09-06 19:00:00,3154.6872766860765,34.67331009630923,87.04109400714327,3.045115098058398,311.75037002126027
2024-09-06 20:00:00,3027.6224849380405,32.90319795893721,78.00045928484882,5.119985425770177,239.0406539077451
2024-09-06 21:00:00,2839.042582188262,34.09451824561306,78.19997567904612,5.302656505585501,161.87806269421458
2024-09-06 22:00:00,2988.8511724570317,30.93427985062768,83.07676127650431,4.704087578188734,81.69998945774799
2024-09-06 23:00:00,2904.5917975323628,38.403913452624565,72.47535972104617,4.902796220439913,7.347880794884119e-14
2024-09-07 00:00:00,2461.057400984201,34.26456998144716,75.92364567764902,1.924455098122679,0.0
2024-09-07 01:00:00,2247.6611626544045,34.132076160074675,80.19062186392358,7.045740724913223,81.69998945774796
2024-09-07 02:00:00,2248.7666897058134,34.81925215352062,87.93932030603834,7.72226085593565,161.87806269421458
2024-09-07 03:00:00,2205.1375571261947,34.810984144893965,77.78427382279776,5.790221167055405,239.04065390774488
2024-09-07 04:00:00,2316.6084523719906,33.23215451595401,74.6892324843189,5.174853016089752,311.7503700212601
2024-09-07 05:00:00,2611.7301058093944,41.13983038718726,84.8842623364045,3.756807880700573,378.6527665956316
2024-09-07 06:00:00,2823.5642468103,35.9556148184404,83.16210467919414,6.075632724114378,438.50157856687446
2024-09-07 07:00:00,3554.386131862898,37.9599504177756,80.59756459441805,6.5941874420557625,490.18193580626524
2024-09-07 08:00:00,3436.6303077137704,33.06973626910113,81.0322519003548,9.798448949343747,532.7311310414251
2024-09-07 09:00:00,3670.5480196276944,34.19120602126111,77.43750802308729,2.5906223714364676,565.3565532712923
2024-09-07 10:00:00,3621.7161603562295,36.86066582110983,78.00857631222334,4.732794410897824,587.4504526093938
2024-09-07 11:00:00,3969.6211912986296,36.099109128688816,77.31594886393304,0.4038766643135343,598.6012615143236
2024-09-07 12:00:00,3856.7311783137525,33.04733467129977,80.40966478057882,3.8758082635955584,598.6012615143235
2024-09-07 13:00:00,3386.414402935905,35.20832391404576,88.53580651763282,5.169544694658345,587.4504526093938
2024-09-07 14:00:00,3701.315364544523,33.393101154689894,78.7211954281273,3.947683611462073,565.3565532712923
2024-09-07 15:00:00,3647.023824993688,33.81535575192604,84.70200309872047,4.133821187391073,532.7311310414251
2024-09-07 16:00:00,3638.9506725820506,36.37091513792395,93.29453478424789,5.826733575470459,490.1819358062653
2024-09-07 17:00:00,3285.394379365088,35.14206927524494,75.0244714229786,4.550859719825007,438.5015785668746
2024-09-07 18:00:00,3460.168220352502,35.34928776266782,91.15321748789137,5.294345210717458,378.6527665956317
2024-09-07 19:00:00,3516.9157840765774,37.08348228760105,71.27649617637425,7.188174781088505,311.75037002126027
2024-09-07 20:00:00,3219.617135944826,35.28075837721572,70.71525892433081,1.7393357331889021,239.0406539077451
2024-09-07 21:00:00,3070.33034148685,36.14857800642831,83.73058966194189,2.693778107441871,161.87806269421458
2024-09-07 22:00:00,2865.1398503698406,34.40904292595565,87.87687553687246,4.827593138584533,81.69998945774799
2024-09-07 23:00:00,2659.5981234868555,37.29415666076266,81.99315983956214,4.995979885345103,7.347880794884119e-14
2024-09-08 00:00:00,2519.5796286608434,36.21832180905695,79.80604598649045,4.440915117077334,0.0
2024-09-08 01:00:00,2584.124904684729,38.475091942957846,73.06192636089959,8.609701459550092,81.69998945774796
2024-09-08 02:00:00,2375.4491688752437,33.03701349128765,79.06641937793432,5.654981643698032,161.87806269421458
2024-09-08 03:00:00,2201.8935524797935,30.98416703793953,74.91809797421627,5.9125590237704255,239.04065390774488
2024-09-08 04:00:00,2358.706081739892,36.69112720022352,69.9845296950753,2.4845522759011356,311.7503700212601
2024-09-08 05:00:00,2373.7190614090023,38.432221671521,77.41820261137092,8.742387134469869,378.6527665956316
2024-09-08 06:00:00,2734.0612120822707,33.96902374214376,85.26555889872309,8.207473437695155,438.50157856687446
2024-09-08 07:00:00,3301.5939895062365,36.25984146327635,84.74844465527238,5.533062714416152,490.18193580626524
2024-09-08 08:00:00,3497.944891420468,34.68178116709709,80.72224532986587,1.9378461535289757,532.7311310414251
2024-09-08 09:00:00,3521.5792829122956,29.587144311445513,75.39905412344572,4.733955384084714,565.3565532712923
2024-09-08 10:00:00,3658.584989216742,33.45555635913881,74.52860236360262,4.166917125266703,587.4504526093938
2024-09-08 11:00:00,3776.745730381352,34.13519317350513,87.9316453835654,4.260473654354788,598.6012615143236
2024-09-08 12:00:00,3332.714788778824,37.860799117890906,79.3702383740414,4.6289973276685075,598.6012615143235
2024-09-08 13:00:00,3752.487835463386,32.02826850738478,85.6076202004404,5.138193291233444,587.4504526093938
2024-09-08 14:00:00,3407.8509838121154,33.74206838582998,78.78195579698244,6.292328529750859,565.3565532712923
2024-09-08 15:00:00,3568.4456025725303,31.817339470310657,75.67916811704276,2.3686868623024164,532.7311310414251
2024-09-08 16:00:00,3564.2101749980907,36.21801109031565,78.11974231556124,2.7171219147690913,490.1819358062653
2024-09-08 17:00:00,3331.831923065909,34.024405199800526,84.19373063880332,2.5199336573643905,438.5015785668746
2024-09-08 18:00:00,3603.9228315706573,33.44714655225891,79.99608651219329,1.9309675178538561,378.6527665956317
2024-09-08 19:00:00,3317.0978884907963,37.37266768533604,89.21324067900026,5.441259620846765,311.75037002126027
2024-09-08 20:00:00,2892.431843255764,36.48790455695038,78.87438960415852,5.697164784363017,239.0406539077451
2024-09-08 21:00:00,2952.8757778488766,36.12023741855511,76.48638850575266,2.9438591338855065,161.87806269421458
2024-09-08 22:00:00,2942.009649110738,40.88568782267651,73.43965288457423,7.066141925484873,81.69998945774799
2024-09-08 23:00:00,2592.4836466353077,37.299643029593675,76.10639918597845,7.457887696920828,7.347880794884119e-14
2024-09-09 00:00:00,2078.489539646017,32.26606116728051,71.8227591337402,4.487023131808549,0.0
2024-09-09 01:00:00,2470.3093669858663,35.33015649454771,77.39658734215605,3.0900959178133416,81.69998945774796
2024-09-09 02:00:00,2340.9463681898233,34.03471001050592,78.81922616438666,2.656608587155155,161.87806269421458
2024-09-09 03:00:00,2155.31765281496,31.4697395871935,84.40635422346527,6.1210069118936286,239.04065390774488
2024-09-09 04:00:00,2000.0,36.82244732966608,87.02532866504383,5.642146826302799,311.7503700212601
2024-09-09 05:00:00,2484.5209102595736,33.390271523877445,72.64046903783802,5.183817495965674,378.6527665956316
2024-09-09 06:00:00,2890.2145107291844,35.891456015987835,80.203089221475,5.733541602099791,438.50157856687446
2024-09-09 07:00:00,3438.791623713342,38.18654846892216,72.09007653701732,3.7376905045851068,490.18193580626524
2024-09-09 08:00:00,3567.9309112799688,34.58512241848557,78.78295199709633,5.677433620209574,532.7311310414251
2024-09-09 09:00:00,3632.9611222502886,35.30510871829627,80.34785829319443,7.36773154207012,565.3565532712923
2024-09-09 10:00:00,3592.29144447837,33.2231243893792,81.27406308225547,6.357101087838273,587.4504526093938
2024-09-09 11:00:00,3528.0290943571767,31.977286258367478,79.05316606622257,7.060578292592688,598.6012615143236
2024-09-09 12:00:00,3808.3343160280283,33.29358915457809,81.13680354896186,4.844868978543023,598.6012615143235
2024-09-09 13:00:00,3721.3465897439714,37.77211415902002,73.2460701515507,4.477858172233307,587.4504526093938
2024-09-09 14:00:00,3170.1579442643865,33.11551431698196,82.97786182808561,7.474699609364475,565.3565532712923
2024-09-09 15:00:00,3633.9013248232773,33.68883188363341,89.07805499065074,5.645255530902714,532.7311310414251
2024-09-09 16:00:00,3560.7288000307535,34.79790604625112,75.7387040581139,8.380482966119763,490.1819358062653
2024-09-09 17:00:00,3470.3848444038845,35.498205159462046,70.19058097653297,4.653747737561723,438.5015785668746
2024-09-09 18:00:00,3176.6242824993633,34.444444321043775,79.31224972187073,8.527205866841037,378.6527665956317
2024-09-09 19:00:00,3015.5230853510184,33.36603532851055,81.30603815766325,3.715843615145122,311.75037002126027
2024-09-09 20:00:00,3129.179707657801,35.00288265287577,75.21895606808116,6.270800313113046,239.0406539077451
2024-09-09 21:00:00,2986.2090675161685,36.27332741291688,85.36380582450114,1.5677579836886153,161.87806269421458
2024-09-09 22:00:00,2955.239954743907,31.137943770335447,80.87979097873482,5.726308264147006,81.69998945774799
2024-09-09 23:00:00,2661.054543369175,35.057973236281455,80.76885886403953,7.902188599347978,7.347880794884119e-14
2024-09-10 00:00:00,2285.955910808462,30.846147586024188,70.58698213148315,2.9848249345095232,0.0
2024-09-10 01:00:00,2114.471275527654,33.90741950698399,83.33693673445184,5.703300460369365,81.69998945774796
2024-09-10 02:00:00,2382.0403550740207,32.90967100860896,74.28121034801616,3.79614270433698,161.87806269421458
2024-09-10 03:00:00,2008.1722452172096,32.40494334098035,74.62523617763895,5.915903411380391,239.04065390774488
2024-09-10 04:00:00,2000.0,35.14495184478906,74.43312238238008,6.027753662774936,311.7503700212601
2024-09-10 05:00:00,2164.498031708093,34.182873375355165,71.01888988564991,4.48813381921802,378.6527665956316
2024-09-10 06:00:00,2809.535419906752,32.413954220209575,77.01944345993148,6.15672452391411,438.50157856687446
2024-09-10 07:00:00,3061.010600163788,37.2978419350122,89.00175983496551,3.90293089532004,490.18193580626524
2024-09-10 08:00:00,3181.6802382330297,31.803891680899362,76.17708569411496,3.737988302512879,532.7311310414251
2024-09-10 09:00:00,3692.2856448461143,35.642559448764146,76.98949802509377,2.5466781494897144,565.3565532712923
2024-09-10 10:00:00,3689.7051952394054,38.06346750384992,67.23070582774123,6.004791128387327,587.4504526093938
2024-09-10 11:00:00,3722.2623217393707,37.404589692538266,77.95779147703102,5.860960693995034,598.6012615143236
2024-09-10 12:00:00,3857.4945494983335,35.91931488899819,84.52649880958549,4.89753281294541,598.6012615143235
2024-09-10 13:00:00,3735.6818485575973,33.77862398064693,86.3718559405589,3.8375867410083773,587.4504526093938
2024-09-10 14:00:00,3383.330923961717,37.71798816179016,75.20258329570268,3.3326630527703056,565.3565532712923
2024-09-10 15:00:00,3804.427860391296,31.33686378357762,80.31160829987873,3.9460871682879386,532.7311310414251
2024-09-10 16:00:00,3096.668688502645,35.58366655772028,72.6195358095951,2.0691488347623195,490.1819358062653
2024-09-10 17:00:00,3357.3087212149585,37.42872228546449,91.04387238061075,7.617321469530895,438.5015785668746
2024-09-10 18:00:00,3168.1779083967285,32.97163757980286,75.1733991934752,2.8813315665965464,378.6527665956317
2024-09-10 19:00:00,3022.672167079029,34.59775000927132,78.01821326491418,1.450465998089442,311.75037002126027
2024-09-10 20:00:00,2829.1574655987392,33.12259075056928,77.64738679690069,5.811295079953597,239.0406539077451
2024-09-10 21:00:00,2843.1147830331515,31.39731831481641,84.06053332159479,6.3228541057223255,161.87806269421458
2024-09-10 22:00:00,2742.8697190660278,32.48844120299185,81.2094212983099,6.7258717791867815,81.69998945774799
2024-09-10 23:00:00,2585.4254518781836,33.48422884665709,74.17409197084132,6.974717709579288,7.347880794884119e-14
2024-09-11 00:00:00,2191.8074656415874,33.021550397394265,69.13985377777006,8.24271034989058,0.0
2024-09-11 01:00:00,2000.0,33.92438397566098,87.94298024639083,9.783759427962192,81.69998945774796
2024-09-11 02:00:00,2281.265088378566,32.61420464199668,74.65354593787532,8.404010866634891,161.87806269421458
2024-09-11 03:00:00,2000.0,32.1871391859323,76.66659914075122,6.315884479940898,239.04065390774488
2024-09-11 04:00:00,2000.0,32.12600335379884,79.357062280455,4.505423368973821,311.7503700212601
2024-09-11 05:00:00,2064.8651697853675,35.70716769927431,76.15688315348186,2.139923631333672,378.6527665956316
2024-09-11 06:00:00,2503.5153841207384,38.12884280173139,72.79169599108359,6.799447064191662,438.50157856687446
2024-09-11 07:00:00,2854.3881462327627,33.3859308876012,64.02318514003035,5.30323624101614,490.18193580626524
2024-09-11 08:00:00,3155.5971812829052,32.6466997223177,73.04768160279414,5.640864732269916,532.7311310414251
2024-09-11 09:00:00,3264.4313010654464,28.631913706286994,77.12021354536374,6.128765307877755,565.3565532712923
2024-09-11 10:00:00,3563.59677596182,34.41496083347319,70.75675033255624,4.223528582084759,587.4504526093938
2024-09-11 11:00:00,3679.1713999719623,33.30669366329723,83.90473434801565,6.601987688753203,598.6012615143236
2024-09-11 12:00:00,3511.0207456597013,33.0997888880833,74.66137762356857,3.0673929882594217,598.6012615143235
2024-09-11 13:00:00,3546.0127727864938,32.39301425214325,81.19421976647514,3.3801353334442497,587.4504526093938
2024-09-11 14:00:00,3544.0737370630272,35.52395283216944,77.38014129239426,2.1788021253784358,565.3565532712923
2024-09-11 15:00:00,3087.6803435391266,35.41513658844358,81.3918433174588,4.28688638534452,532.7311310414251
2024-09-11 16:00:00,3390.9052091782273,32.51084815888954,79.46039362184206,4.441420103209542,490.1819358062653
2024-09-11 17:00:00,3153.567902545806,32.25765259478794,72.1312970956456,3.7629107794452996,438.5015785668746
2024-09-11 18:00:00,3118.2978644940513,31.72873500563877,72.47303243957431,7.362971212348649,378.6527665956317
2024-09-11 19:00:00,2866.0273305386095,31.5801587296942,74.51096245608639,7.684943872102243,311.75037002126027
2024-09-11 20:00:00,3031.9152182603452,31.68347156286145,71.8420913912131,8.724119761652666,239.0406539077451
2024-09-11 21:00:00,2632.945711470293,32.183993719372,70.95234224108134,3.877084781665525,161.87806269421458
2024-09-11 22:00:00,2589.588073163044,29.090529791544423,77.9601878997977,5.366397660415107,81.69998945774799
2024-09-11 23:00:00,2522.5709373689074,32.806560442633426,65.97660338964633,6.5363360374067465,7.347880794884119e-14
2024-09-12 00:00:00,2017.1781858557808,35.468050212240826,72.60121951041593,2.9171024332670528,0.0
2024-09-12 01:00:00,2000.0,33.0562566654762,80.57421986297916,6.9145639030813735,81.69998945774796
2024-09-12 02:00:00,2078.1902313400396,30.57065432417987,74.59777009653409,3.9829257567063507,161.87806269421458
2024-09-12 03:00:00,2000.0,31.842014708054446,85.10473589812209,5.398768778081662,239.04065390774488
2024-09-12 04:00:00,2000.0,32.523893599290346,85.01023685349978,3.231403887567866,311.7503700212601
2024-09-12 05:00:00,2332.1894634507303,31.025011994457284,76.65635520428118,7.754118076510105,378.6527665956316
2024-09-12 06:00:00,2736.410115071322,30.468054829926725,80.0327591967455,5.847256691996468,438.50157856687446
2024-09-12 07:00:00,2981.2754474677067,30.623647111409117,77.83025938972553,8.688268062017155,490.18193580626524
2024-09-12 08:00:00,2969.3173101824605,32.924630109081164,82.99070027885948,9.028838268922614,532.7311310414251
2024-09-12 09:00:00,3317.8054452383262,31.60787175376496,68.1362559153923,-0.05137337605349224,565.3565532712923
2024-09-12 10:00:00,3462.4926621329673,30.97710898228642,76.82244683410205,7.237780386613441,587.4504526093938
2024-09-12 11:00:00,3776.255650298745,31.93461759789411,74.25741031672551,4.3278486237019225,598.6012615143236
2024-09-12 12:00:00,3632.801534601112,33.108806422334915,70.7506140725434,6.661640774031547,598.6012615143235
2024-09-12 13:00:00,3358.5610415660326,34.43211924023179,72.54528544114805,9.602938958730697,587.4504526093938
2024-09-12 14:00:00,3293.1749839958975,33.808825599566795,72.67700662085987,5.633192908233928,565.3565532712923
2024-09-12 15:00:00,3385.2878098779165,34.73920866864686,69.35090710713064,6.790764573177709,532.7311310414251
2024-09-12 16:00:00,3170.667443606716,31.700116913705834,69.468870666337,3.9544077077767605,490.1819358062653
2024-09-12 17:00:00,3008.1437560460413,30.11151894297073,70.15328409990856,6.502697148086746,438.5015785668746
2024-09-12 18:00:00,2954.3165521700926,31.219642713998724,72.734465648102,7.289937653292952,378.6527665956317
2024-09-12 19:00:00,2638.396623006667,26.86996808305967,69.95939525622612,6.410543510084695,311.75037002126027
2024-09-12 20:00:00,2724.6271808850965,32.97665629040334,68.98856005005173,1.7797887101167813,239.0406539077451
2024-09-12 21:00:00,2877.0264173180394,35.39436849177437,66.03151657093485,10.972134745422098,161.87806269421458
2024-09-12 22:00:00,2557.548680709114,30.64348404672336,82.5517971257489,6.150152108773507,81.69998945774799
2024-09-12 23:00:00,2335.227200479085,36.00723914699291,74.14878479665764,7.26976352938583,7.347880794884119e-14
2024-09-13 00:00:00,2196.191017242489,30.395595004856844,69.35259899751563,6.592217547802849,0.0
2024-09-13 01:00:00,2033.2517049818061,31.677800866135076,75.80452389440426,-0.9744801937667633,81.69998945774796
2024-09-13 02:00:00,2000.0,30.17217017764779,68.72807424276358,6.631939003460008,161.87806269421458
2024-09-13 03:00:00,2000.0,34.61840307806715,71.13839439477545,5.812198580578367,239.04065390774488
2024-09-13 04:00:00,2000.0,30.398839599742903,70.18813353022638,4.650262046211549,311.7503700212601
2024-09-13 05:00:00,2059.3735072231175,27.179113526571967,72.48662767120173,7.596268384032463,378.6527665956316
2024-09-13 06:00:00,2390.8991893644984,29.739947283213642,61.43408342241445,5.2603523062234885,438.50157856687446
2024-09-13 07:00:00,3002.8281169218953,29.493301004111448,72.005269441438,4.98522952038104,490.18193580626524
2024-09-13 08:00:00,3092.0272597423445,27.781351670127474,71.18093581434472,6.712516431174082,532.7311310414251
2024-09-13 09:00:00,3272.411480825914,31.190323697218176,75.1922501510858,3.155863896862928,565.3565532712923
2024-09-13 10:00:00,3408.8787021675025,29.9104477025211,78.38280641958391,6.866724724684765,587.4504526093938
2024-09-13 11:00:00,3585.492833486664,27.417373086926098,67.91589996940861,6.326156544559435,598.6012615143236
2024-09-13 12:00:00,3360.082969251931,27.49014395690427,66.58618234663395,6.257225392531068,598.6012615143235
2024-09-13 13:00:00,3452.486079562583,28.58594963407423,74.62609799116674,6.277046236414522,587.4504526093938
2024-09-13 14:00:00,3330.846055149513,29.51151347479654,69.33738223260985,3.9783368122828566,565.3565532712923
2024-09-13 15:00:00,3124.672567986086,27.315465382112173,72.75097861703652,4.163398838042208,532.7311310414251
2024-09-13 16:00:00,3110.99739729908,25.856137974216,65.96994568144203,5.288125535730225,490.1819358062653
2024-09-13 17:00:00,3070.6800002297864,30.342376304030527,66.0530915579749,5.3355795761909945,438.5015785668746
2024-09-13 18:00:00,2866.6004777872768,27.045332159461392,62.32407415128809,4.209295797769535,378.6527665956317
2024-09-13 19:00:00,2633.446823569409,28.87156049520818,66.97912635229729,5.047979942374043,311.75037002126027
2024-09-13 20:00:00,2895.2877042087084,27.779250530191742,62.07904005003542,1.7140571440093764,239.0406539077451
2024-09-13 21:00:00,2540.5367896521075,33.254119415992534,70.78748714257742,4.51481568764028,161.87806269421458
2024-09-13 22:00:00,2530.0427049609993,29.403001314917802,67.61872363220024,2.0419985747795386,81.69998945774799
2024-09-13 23:00:00,2487.605192284492,33.0593487523529,65.6235835445325,4.588889662167817,7.347880794884119e-14
2024-09-14 00:00:00,2000.0,29.180739683999594,68.50120863771188,7.570223260536,0.0
2024-09-14 01:00:00,2000.0,28.156549591659864,58.42021465451397,4.833232053162317,81.69998945774796
2024-09-14 02:00:00,2000.0,29.593582293577565,70.49791903450316,3.748571231470826,161.87806269421458
2024-09-14 03:00:00,2000.0,27.041395932690648,67.47889274224578,6.184903055384085,239.04065390774488
2024-09-14 04:00:00,2000.0,28.94785244511639,69.90186440026096,3.727522497241269,311.7503700212601
2024-09-14 05:00:00,2015.0249626125428,29.739970919501086,64.69092524248202,5.953251869188555,378.6527665956316
2024-09-14 06:00:00,2356.684605254005,32.80034288165015,67.17580794624111,6.703530461526995,438.50157856687446
2024-09-14 07:00:00,2947.707856011988,28.58645511280808,61.10344804090432,2.8565574875579167,490.18193580626524
2024-09-14 08:00:00,3111.561198465967,26.450277276545712,63.56429441998154,4.176173664761251,532.7311310414251
2024-09-14 09:00:00,3053.780309528142,29.21381650318677,73.28793174546512,6.5250657801524845,565.3565532712923
2024-09-14 10:00:00,3479.3203889050083,25.892651949934447,58.17330157006089,4.07867466994202,587.4504526093938
2024-09-14 11:00:00,3259.3687629114643,29.071327155822292,64.80326147049755,4.430809028457212,598.6012615143236
2024-09-14 12:00:00,3266.4362373670747,28.02880746839362,66.72803000369471,7.326788949761461,598.6012615143235
2024-09-14 13:00:00,3214.633465118046,31.884378326923393,66.95444054659126,4.632301836225577,587.4504526093938
2024-09-14 14:00:00,3157.887548643912,23.363079348492896,68.9628565882962,3.7572829121636016,565.3565532712923
2024-09-14 15:00:00,3213.0419594342266,31.13936399447094,62.19649374322623,7.366963773303346,532.7311310414251
2024-09-14 16:00:00,3200.755470196024,26.347206018093356,74.5466805244525,3.213802740796864,490.1819358062653
2024-09-14 17:00:00,3068.2833032484755,25.398020955086835,69.38396545016272,6.16100790562756,438.5015785668746
2024-09-14 18:00:00,2853.815956249406,27.656063487878317,68.85749067915239,4.684717193769984,378.6527665956317
2024-09-14 19:00:00,2799.0320917529157,28.706746987491222,62.38163729010285,5.678616397091908,311.75037002126027
2024-09-14 20:00:00,2510.9965352283443,29.887855556100668,60.896322191206394,4.550762651563546,239.0406539077451
2024-09-14 21:00:00,2487.0486182687737,27.325330376119396,72.31475109285924,5.130492530210505,161.87806269421458
2024-09-14 22:00:00,2452.140995873382,27.510603099082456,65.11748604652215,2.596590519352301,81.69998945774799
2024-09-14 23:00:00,2206.4762183396056,29.962916741214006,64.76426325206882,3.263559934078335,7.347880794884119e-14
2024-09-15 00:00:00,2000.0,27.963836993819605,61.19215367228629,5.694236140722376,0.0
2024-09-15 01:00:00,2000.0,25.222342904470793,68.36885511576665,5.628682259103927,81.69998945774796
2024-09-15 02:00:00,2000.0,26.70061562823088,57.81401124236764,4.487844398782462,161.87806269421458
2024-09-15 03:00:00,2000.0,27.220490863401036,68.88371384891569,6.488793554897919,239.04065390774488
2024-09-15 04:00:00,2000.0,25.650639971210147,66.24762857795118,3.838044074087957,311.7503700212601
2024-09-15 05:00:00,2114.2082918824763,27.067466883824128,53.28897863470787,6.8405645737501795,378.6527665956316
2024-09-15 06:00:00,2487.1203708567773,27.709860312168964,59.26752932927597,5.601614285126026,438.50157856687446
2024-09-15 07:00:00,2596.6430345528015,25.31341923222435,66.16474187667882,6.052294392578981,490.18193580626524
2024-09-15 08:00:00,2699.4340099796327,25.289482366483075,69.7427583064495,3.9603047085639016,532.7311310414251
2024-09-15 09:00:00,3137.7524614210906,23.7940547818228,53.39543350344243,8.780919295130978,565.3565532712923
2024-09-15 10:00:00,2848.665676122852,25.5874865968357,64.85102485456657,6.903645768016345,587.4504526093938
2024-09-15 11:00:00,3177.574761273201,23.90099415675018,61.09033348234481,2.591300252815815,598.6012615143236
2024-09-15 12:00:00,3080.4239699638647,25.322737832913248,73.6505063182294,6.0050944761294245,598.6012615143235
2024-09-15 13:00:00,3410.9008083831677,20.254868198929174,68.07587589261142,7.741371826510203,587.4504526093938
2024-09-15 14:00:00,3374.002035092302,22.258576170264146,58.200729123417574,2.624087204867275,565.3565532712923
2024-09-15 15:00:00,2926.3242725674227,23.53071549484315,61.52287188165166,7.612483001611681,532.7311310414251
2024-09-15 16:00:00,2695.9696639549948,23.7889888680788,59.44528133397882,1.7676381597641169,490.1819358062653
2024-09-15 17:00:00,2972.1310017670235,22.568172445906015,63.980183194464296,4.417069429201228,438.5015785668746
2024-09-15 18:00:00,2627.3710024377924,25.861068354997855,57.82555683211339,9.826292169638368,378.6527665956317
2024-09-15 19:00:00,2533.297359286313,28.651307978521192,57.32347930357839,4.9588106545197865,311.75037002126027
2024-09-15 20:00:00,2451.6624901765476,23.0395892551039,68.00599448032781,5.836465460692915,239.0406539077451
2024-09-15 21:00:00,2426.260146542741,22.10130942659199,57.67324743728897,7.708681674832868,161.87806269421458
2024-09-15 22:00:00,2000.0,26.516897908589378,62.37917777297975,6.644980885340781,81.69998945774799
2024-09-15 23:00:00,2092.254194014961,24.222516799350764,55.304523202885086,7.710643454728664,7.347880794884119e-14
2024-09-16 00:00:00,2000.0,27.451467324776896,63.907421977429706,2.367353902126715,0.0
2024-09-16 01:00:00,2000.0,23.73745680367031,70.18398237547333,1.9462944180225419,81.69998945774796
2024-09-16 02:00:00,2000.0,24.15919796163555,48.79345162301851,6.765208733260372,161.87806269421458
2024-09-16 03:00:00,2000.0,28.04269631934128,67.82695985182042,3.3745544367031446,239.04065390774488
2024-09-16 04:00:00,2000.0,26.039329142630976,61.56122999590977,3.353644378253507,311.7503700212601
2024-09-16 05:00:00,2000.0,20.077235356062104,52.78236488073293,4.757489496482866,378.6527665956316
2024-09-16 06:00:00,2181.1635406144337,22.024935443547342,58.22179563936758,2.736831178320128,438.50157856687446
2024-09-16 07:00:00,2732.027883014771,24.073897630885433,55.70807878134381,6.393901286965424,490.18193580626524
2024-09-16 08:00:00,2981.019364178579,23.454094441331215,58.400607895015646,1.196608645350199,532.7311310414251
2024-09-16 09:00:00,2804.0035973852455,24.881996432979946,56.01845134744187,5.771484274223821,565.3565532712923
2024-09-16 10:00:00,3263.1166607072355,25.88189853711005,59.06970457805821,5.990641519032554,587.4504526093938
2024-09-16 11:00:00,3314.5434922351537,21.81609292421546,54.54460904991278,7.710798970686755,598.6012615143236
2024-09-16 12:00:00,3137.9341873824214,23.702013953069986,58.9633662275468,5.256715858432857,598.6012615143235
2024-09-16 13:00:00,2967.104805734325,22.743847437073796,57.42502318458313,3.7786451970429464,587.4504526093938
2024-09-16 14:00:00,2901.550164299776,25.0098978867779,63.71335459476719,-1.8641578043501195,565.3565532712923
2024-09-16 15:00:00,2856.10129496855,20.867724082056736,62.40792203212801,5.3393385059565555,532.7311310414251
2024-09-16 16:00:00,2764.4250223902577,19.587735904697173,57.320449136403724,3.69188440385277,490.1819358062653
2024-09-16 17:00:00,2497.9398013475698,26.837634054073483,61.294689999683506,5.243486301939482,438.5015785668746
2024-09-16 18:00:00,2671.095978815934,22.155553238651336,61.512790375712385,4.2859189810846035,378.6527665956317
2024-09-16 19:00:00,2503.576089048012,22.950702043956742,58.00177045776614,5.9411506599821005,311.75037002126027
2024-09-16 20:00:00,2373.364712536071,22.15895605385944,50.75311392646006,6.480440976230941,239.0406539077451
2024-09-16 21:00:00,2091.6759485216294,22.209055975784615,47.74825682617278,0.9162284292126692,161.87806269421458
2024-09-16 22:00:00,2177.4862910350303,23.20588637765063,59.28470655902938,5.772026628120379,81.69998945774799
2024-09-16 23:00:00,2000.0,18.60938215435742,59.59475746157843,5.942622818646414,7.347880794884119e-14
2024-09-17 00:00:00,2000.0,21.579828228269015,56.62863356890712,9.010373727650432,0.0
2024-09-17 01:00:00,2000.0,22.521973345784875,63.38174706411603,4.344940042871247,81.69998945774796
2024-09-17 02:00:00,2000.0,21.415283746630664,52.41990788153634,5.437711923006019,161.87806269421458
2024-09-17 03:00:00,2000.0,23.015911313998014,55.98583091275679,5.746934067758062,239.04065390774488
2024-09-17 04:00:00,2000.0,24.184060784690928,55.57501430767276,4.4211590301048345,311.7503700212601
2024-09-17 05:00:00,2000.0,21.066223527303332,57.74868418312663,3.967656062271381,378.6527665956316
2024-09-17 06:00:00,2149.6314711667696,21.770939615950248,58.22929891472194,3.386215297710732,438.50157856687446
2024-09-17 07:00:00,2560.3789464343663,22.281024657067398,62.230297218188426,7.734655156663662,490.18193580626524
2024-09-17 08:00:00,2550.9768128989836,23.00151399725992,62.50326232091686,2.8812268411266118,532.7311310414251
2024-09-17 09:00:00,2672.533387134627,22.543888562947988,58.44587920501053,3.4897593458507425,565.3565532712923
2024-09-17 10:00:00,3009.9254772381446,20.82495804383922,52.876657972890264,5.099450380685601,587.4504526093938
2024-09-17 11:00:00,2992.9473973888307,24.53293257223059,48.264684855161235,3.623972996786452,598.6012615143236
2024-09-17 12:00:00,2897.9884927972807,21.725730823461557,51.681614199434144,2.7582099828342486,598.6012615143235
2024-09-17 13:00:00,2831.2853686511344,23.112630122126625,58.09297023063506,2.6152019332479193,587.4504526093938
2024-09-17 14:00:00,3094.124149859429,21.714356433291762,56.74020673976535,4.493222577337779,565.3565532712923
2024-09-17 15:00:00,2765.4083905204116,24.26660126917651,54.37735883720571,5.4772284002760285,532.7311310414251
2024-09-17 16:00:00,2735.4379507960534,21.341232026777988,51.52167338992987,1.6700473204052146,490.1819358062653
2024-09-17 17:00:00,2544.8784519621536,20.12667926770721,42.99298546437057,5.866239860401365,438.5015785668746
2024-09-17 18:00:00,2618.7436158373084,19.499749722455938,52.46877035503843,4.894988832505104,378.6527665956317
2024-09-17 19:00:00,2765.819673115217,23.99667388276801,61.7597777983553,6.41824058311918,311.75037002126027
2024-09-17 20:00:00,2129.959929164523,18.16799885528574,50.939841937745534,8.907655992663253,239.0406539077451
2024-09-17 21:00:00,2488.2806388039266,25.912874651879317,50.38684292315934,2.7801641284511227,161.87806269421458
2024-09-17 22:00:00,2158.7202871560266,20.233132327106613,58.22659205841734,6.354217379384384,81.69998945774799
2024-09-17 23:00:00,2060.4103180130123,20.19569250137666,52.98056078557257,8.032941276068694,7.347880794884119e-14
2024-09-18 00:00:00,2000.0,22.220077365780586,54.69513394255675,7.848615375730091,0.0
2024-09-18 01:00:00,2000.0,20.69797633982323,51.246081765432365,6.632670630476367,81.69998945774796
2024-09-18 02:00:00,2000.0,22.751125688756918,42.92030941033726,5.354704763962559,161.87806269421458
2024-09-18 03:00:00,2000.0,21.552928167603973,47.863137611772146,2.8999848170406874,239.04065390774488
2024-09-18 04:00:00,2000.0,22.409186764299474,47.82704934510093,7.298232081260986,311.7503700212601
2024-09-18 05:00:00,2000.0,18.54438959062677,45.21458492416608,5.966398676579838,378.6527665956316
2024-09-18 06:00:00,2000.0,15.019364557897095,51.15893650754363,7.181937453240682,438.50157856687446
2024-09-18 07:00:00,2431.15539946607,17.4519076556137,50.246479447655766,6.184256933634412,490.18193580626524
2024-09-18 08:00:00,2847.861301219946,20.135675544282865,51.17796993870376,6.568443591819655,532.7311310414251
2024-09-18 09:00:00,2569.1932729012183,19.282937739291818,48.79541509577837,5.100169630310263,565.3565532712923
2024-09-18 10:00:00,2942.0551903335863,20.917708101320255,53.688414195308255,3.7444913851549746,587.4504526093938
2024-09-18 11:00:00,2832.859577783984,18.62797447645004,52.027408465592465,5.834994798406569,598.6012615143236
2024-09-18 12:00:00,2950.41647551735,18.248117677796813,46.6478777503017,6.2854612480663805,598.6012615143235
2024-09-18 13:00:00,2776.820954655198,19.06080790299548,48.91819261554496,3.4890467574284245,587.4504526093938
2024-09-18 14:00:00,2779.7288165411233,21.69332681682596,41.97296683191618,5.984791938082107,565.3565532712923
2024-09-18 15:00:00,2657.7060523960163,20.7379008028787,57.276920686738244,2.629242702897003,532.7311310414251
2024-09-18 16:00:00,2527.2058681081317,18.73743683650676,50.96879871920225,1.520439061110321,490.1819358062653
2024-09-18 17:00:00,2707.3948028107343,21.010159855593784,54.11710270042197,5.0117405957503,438.5015785668746
2024-09-18 18:00:00,2489.879284949233,21.080612414836587,50.05084194570075,5.658766261112193,378.6527665956317
2024-09-18 19:00:00,2574.0417330938076,19.487968492634298,54.69247604295646,6.341392345608077,311.75037002126027
2024-09-18 20:00:00,2104.9412578357346,20.30779992247823,51.320499032350554,6.375348773194254,239.0406539077451
2024-09-18 21:00:00,2022.4539767255765,20.907499492603694,49.497285402561516,6.382382288839882,161.87806269421458
2024-09-18 22:00:00,2000.0,20.178250473551714,50.26525790012747,3.5563888393625973,81.69998945774799
2024-09-18 23:00:00,2000.0,14.590990024155982,49.236948207067734,3.749481564981754,7.347880794884119e-14
2024-09-19 00:00:00,2000.0,18.840161588243024,47.84273073816302,5.625376139620243,0.0
2024-09-19 01:00:00,2000.0,20.870844464463865,50.92422891006242,2.5310724846346146,81.69998945774796
2024-09-19 02:00:00,2000.0,16.418704049906935,49.94393081457696,3.740554083478205,161.87806269421458
2024-09-19 03:00:00,2000.0,18.49076880739487,49.8941006964309,3.9293452300948584,239.04065390774488
2024-09-19 04:00:00,2000.0,15.61963771946122,45.61045131056123,4.969808311905337,311.7503700212601
2024-09-19 05:00:00,2000.0,21.19214511507246,53.48619764627969,6.219860040139236,378.6527665956316
2024-09-19 06:00:00,2000.0,19.24427693680956,42.475789494785744,2.871758365515494,438.50157856687446
2024-09-19 07:00:00,2485.7809607638183,18.10759530972451,43.150854699621895,5.139024972408773,490.18193580626524
2024-09-19 08:00:00,2313.048457219392,21.27034635085302,41.52928844887618,3.876676166287302,532.7311310414251
2024-09-19 09:00:00,2525.351236908696,14.43601954078747,40.4857168968589,2.2285381169833576,565.3565532712923
2024-09-19 10:00:00,3018.3221727310456,20.344774072360234,47.07176452660614,5.483419306186746,587.4504526093938
2024-09-19 11:00:00,2710.412147601107,20.662296171771096,39.79460700861157,9.748562354016936,598.6012615143236
2024-09-19 12:00:00,2963.866907109152,16.887782316787632,49.37279912656454,0.7339162224159619,598.6012615143235
2024-09-19 13:00:00,2945.0153869995,19.013332796412417,43.82778506204423,8.189754038687038,587.4504526093938
2024-09-19 14:00:00,2769.0560102027066,22.77602618435815,54.253801475481325,2.3774173901470674,565.3565532712923
2024-09-19 15:00:00,2674.1557823840967,15.796213603031921,42.8146435819296,3.873442069228827,532.7311310414251
2024-09-19 16:00:00,2624.7850273389404,12.510829745314656,36.51580748888208,5.713667673355165,490.1819358062653
2024-09-19 17:00:00,2481.75673346201,15.47787135289963,44.23713178881638,5.902158922325153,438.5015785668746
2024-09-19 18:00:00,2327.464382094777,19.667096655474975,47.03846501827776,1.1517019616811548,378.6527665956317
2024-09-19 19:00:00,2325.9094167426456,15.225108367334755,40.57150952073467,10.061705762737075,311.75037002126027
2024-09-19 20:00:00,2374.243937411319,16.14185579620785,45.737162681031926,4.788227063265134,239.0406539077451
2024-09-19 21:00:00,2092.4969284744757,15.42856715221283,49.018536131951635,6.288944624507513,161.87806269421458
2024-09-19 22:00:00,2043.0506557150434,16.92246993984332,44.01539177953816,6.0392902805531365,81.69998945774799
2024-09-19 23:00:00,2000.0,16.431884506637836,45.9512428091783,4.857367971722249,7.347880794884119e-14
2024-09-20 00:00:00,2000.0,17.517495812097547,43.98032740641017,5.774663393405363,0.0
2024-09-20 01:00:00,2000.0,15.774318045390359,45.545530724237146,4.6556057452171995,81.69998945774796
2024-09-20 02:00:00,2000.0,17.569753896176987,35.3146267504565,4.522716849206036,161.87806269421458
2024-09-20 03:00:00,2000.0,20.957315959422456,41.29596119632915,5.232316701297664,239.04065390774488
2024-09-20 04:00:00,2000.0,17.653283511926414,44.63330737237738,3.3795590874076167,311.7503700212601
2024-09-20 05:00:00,2000.0,16.136707456015262,34.79987779818566,6.955076320890842,378.6527665956316
2024-09-20 06:00:00,2000.0,18.092641308467893,39.03732207937382,6.411232666221143,438.50157856687446
2024-09-20 07:00:00,2288.1296760049822,18.190208987131587,51.733056376154536,5.594430276290942,490.18193580626524
2024-09-20 08:00:00,2229.5225185398017,13.874168632850163,40.72857437310793,4.684549138558806,532.7311310414251
2024-09-20 09:00:00,2838.156313328958,12.81357641742449,42.780257916763524,6.468153143902213,565.3565532712923
2024-09-20 10:00:00,2676.2584657539473,15.478549663250652,38.176161330018815,7.861580848176728,587.4504526093938
2024-09-20 11:00:00,2859.875940371886,12.983361323067584,43.96186307478849,5.004406183721714,598.6012615143236
2024-09-20 12:00:00,3004.9211623276697,21.801776217168822,42.81992435827638,7.886850312978995,598.6012615143235
2024-09-20 13:00:00,2673.9110816106886,19.266529899818913,44.283207902348714,7.531232756938437,587.4504526093938
2024-09-20 14:00:00,2516.5875604031094,16.77654914448748,40.86161045331453,5.681632031545296,565.3565532712923
2024-09-20 15:00:00,2617.679100607385,20.689745810906942,43.403635001212855,4.0935782175838105,532.7311310414251
2024-09-20 16:00:00,2473.8663904059863,16.61936607435343,37.61028819923442,4.9393982560477845,490.1819358062653
2024-09-20 17:00:00,2609.4913017469726,16.57201868589513,45.22938149960501,3.3253999082623995,438.5015785668746
2024-09-20 18:00:00,2554.6062891308893,14.602363438746913,47.298216646248285,6.055260751934313,378.6527665956317
2024-09-20 19:00:00,2065.68191459029,17.038005856708402,40.531271908585346,3.064971156973164,311.75037002126027
2024-09-20 20:00:00,2038.0815140950672,14.356942230947277,47.65418092121728,2.419504395863442,239.0406539077451
2024-09-20 21:00:00,2000.0,17.495759750727412,29.641361478469996,6.316827588304736,161.87806269421458
2024-09-20 22:00:00,2000.0,17.773974451934443,43.75212893362673,8.203677767438151,81.69998945774799
2024-09-20 23:00:00,2000.0,13.081308418403065,45.370326744339806,4.709720104290339,7.347880794884119e-14
2024-09-21 00:00:00,2000.0,15.757855226162867,40.7716358653116,6.101676369304535,0.0
2024-09-21 01:00:00,2000.0,16.126605352314538,42.84966024338676,5.241925594468021,81.69998945774796
2024-09-21 02:00:00,2000.0,16.442882541024595,37.65483099462132,5.948517842137349,161.87806269421458
2024-09-21 03:00:00,2000.0,17.555372245121575,44.51406374438533,8.453781335183255,239.04065390774488
2024-09-21 04:00:00,2000.0,16.781067733711637,37.905162091021225,7.522725065844249,311.7503700212601
2024-09-21 05:00:00,2000.0,14.093212947485238,46.878830857068145,2.4385982438620597,378.6527665956316
2024-09-21 06:00:00,2000.0,16.869778211916557,41.77818659202767,4.294890160760949,438.50157856687446
2024-09-21 07:00:00,2220.819466235808,17.764521715154828,37.57743961186543,2.5500119961736747,490.18193580626524
2024-09-21 08:00:00,2438.8847230570564,19.750023963136403,55.248864600241845,7.471569821512971,532.7311310414251
2024-09-21 09:00:00,2575.8603029429587,13.63647478993537,36.6912095061147,7.9847072491239794,565.3565532712923
2024-09-21 10:00:00,2640.6408746206175,15.003778605710584,48.33862956445955,6.624614391097894,587.4504526093938
2024-09-21 11:00:00,2691.666611162669,17.056775576720632,43.570183762965605,8.509328953928007,598.6012615143236
2024-09-21 12:00:00,2765.5962734718946,16.88131699007566,38.22042161520667,3.9187415764677134,598.6012615143235
2024-09-21 13:00:00,2629.132972996391,13.039348643741727,37.41835052957148,4.806291083080012,587.4504526093938
2024-09-21 14:00:00,2898.6155344736544,15.416222088640525,39.808405094567,6.41638628036248,565.3565532712923
2024-09-21 15:00:00,2735.019724023652,15.320275143278602,44.362496339003,4.404526579410221,532.7311310414251
2024-09-21 16:00:00,2767.2075023504467,15.124894042977374,40.80009772615824,4.511362388452031,490.1819358062653
2024-09-21 17:00:00,2357.792618364612,13.04964838740538,41.55134062672259,8.832625072375048,438.5015785668746
2024-09-21 18:00:00,2284.252421728035,14.25809889337337,31.140269144103222,4.817515022415839,378.6527665956317
2024-09-21 19:00:00,2335.8894408135557,11.008519519918485,39.08533083047374,6.122845530289467,311.75037002126027
2024-09-21 20:00:00,2194.134124735794,14.636307114076118,41.91637443735745,5.172455048470537,239.0406539077451
2024-09-21 21:00:00,2000.0,12.923231314718553,45.4265596433045,4.978832232974507,161.87806269421458
2024-09-21 22:00:00,2143.4505661989874,12.377163612915878,41.48201433448991,2.4929349942295604,81.69998945774799
2024-09-21 23:00:00,2000.0,16.24626608196073,37.37318694770015,6.341839429577382,7.347880794884119e-14
2024-09-22 00:00:00,2000.0,18.6206505133304,51.28705441658238,5.230620224752967,0.0
2024-09-22 01:00:00,2000.0,13.75366413229125,45.59998992001678,1.3933726566932867,81.69998945774796
2024-09-22 02:00:00,2000.0,18.221331039465017,38.34194437730258,3.8382304375494227,161.87806269421458
2024-09-22 03:00:00,2000.0,15.734427921420115,41.1042965472382,5.017891883614156,239.04065390774488
2024-09-22 04:00:00,2000.0,15.317804514200471,39.265838060271165,3.5587191165072767,311.7503700212601
2024-09-22 05:00:00,2000.0,10.967819882112156,36.72680807749565,5.3729706443350524,378.6527665956316
2024-09-22 06:00:00,2000.0,15.389176694343764,33.5691951683609,3.35391440002353,438.50157856687446
2024-09-22 07:00:00,2097.138958810745,15.60984129848339,46.392300229414886,4.995786262641859,490.18193580626524
2024-09-22 08:00:00,2490.6636861217376,15.375745744828594,38.92460211306012,6.487221806006011,532.7311310414251
2024-09-22 09:00:00,2353.055346983105,17.125194113151487,44.89580080896732,4.651949156592969,565.3565532712923
2024-09-22 10:00:00,2560.212832814409,15.12574197461876,36.61135462628358,3.046657228620904,587.4504526093938
2024-09-22 11:00:00,2987.6760502371512,13.892649667468788,44.65053294675337,5.203913047682468,598.6012615143236
2024-09-22 12:00:00,2792.3232986297435,12.316504965368438,44.73255789027172,4.979717670016629,598.6012615143235
2024-09-22 13:00:00,2814.229998118566,14.953824227002746,37.242198489896786,4.273505688429177,587.4504526093938
2024-09-22 14:00:00,2728.0037662682366,11.92532164980448,33.61088511681781,4.719172995329408,565.3565532712923
2024-09-22 15:00:00,2681.428286750749,14.632740176728863,45.274272472778016,7.301300947232032,532.7311310414251
2024-09-22 16:00:00,2607.297577259452,13.544710597040547,41.44782053001033,1.5111954061180048,490.1819358062653
2024-09-22 17:00:00,2325.037285317443,14.073442504552279,41.31884304664371,6.837943819927717,438.5015785668746
2024-09-22 18:00:00,2390.709536298217,12.41144628614295,38.88886229523144,5.7360559511677796,378.6527665956317
2024-09-22 19:00:00,2383.2373974183283,12.554542130875593,52.829515957210866,5.318296558486927,311.75037002126027
2024-09-22 20:00:00,2318.366378154083,15.28317164697009,44.08326658693589,7.131060191410468,239.0406539077451
2024-09-22 21:00:00,2000.0,15.142734310304967,39.656911598000725,5.374037363293819,161.87806269421458
2024-09-22 22:00:00,2094.374449931625,13.957316036567368,40.446084041115775,4.183930512936469,81.69998945774799
2024-09-22 23:00:00,2000.0,13.623078141629685,54.938186973050264,2.4877836310500125,7.347880794884119e-14
2024-09-23 00:00:00,2000.0,15.557676730162553,39.10867841248174,3.4160110586283112,0.0
2024-09-23 01:00:00,2000.0,15.403438608321581,25.112508609652075,2.5514040629253656,81.69998945774796
2024-09-23 02:00:00,2000.0,16.765505971332036,38.63591369350987,7.0828756645330895,161.87806269421458
2024-09-23 03:00:00,2000.0,13.984461654889063,45.45818492339178,4.6304251269879595,239.04065390774488
2024-09-23 04:00:00,2000.0,12.927143618625745,46.154659533657835,4.2942981324749265,311.7503700212601
2024-09-23 05:00:00,2000.0,14.308905451184181,36.38779143818081,5.226387040068837,378.6527665956316
2024-09-23 06:00:00,2000.0,15.082251886315786,38.461428099807506,5.263453208097819,438.50157856687446
2024-09-23 07:00:00,2163.7160267031336,13.080288999999214,38.68036210388189,6.807711227651109,490.18193580626524
2024-09-23 08:00:00,2279.3848253494557,14.274073386731434,35.42497354710784,5.44524562537095,532.7311310414251
2024-09-23 09:00:00,2854.2009723742226,15.919030711330944,49.80945231259282,2.121427350654095,565.3565532712923
2024-09-23 10:00:00,2418.922402738186,9.719063782486256,36.34291179786366,5.406116390617734,587.4504526093938
2024-09-23 11:00:00,2792.694538042953,14.966355250170679,40.54698934478945,6.029082633860423,598.6012615143236
2024-09-23 12:00:00,2822.122743440622,17.46623955638102,34.08946487602788,4.042705733128889,598.6012615143235
2024-09-23 13:00:00,2655.6039564270445,16.895104469559,48.35755193011537,6.467334108210603,587.4504526093938
2024-09-23 14:00:00,2785.3369694417133,13.13941746250039,32.22589056730066,3.032169060158053,565.3565532712923
2024-09-23 15:00:00,2612.2504179006505,14.259224914654233,40.595620218649834,4.719611577900383,532.7311310414251
2024-09-23 16:00:00,2516.6164616460533,11.788724670081209,46.34569213886266,1.7140546902114409,490.1819358062653
2024-09-23 17:00:00,2474.115538110194,14.360805721893335,42.01633339179604,4.060787193933128,438.5015785668746
2024-09-23 18:00:00,2170.1267641065065,15.992581709322081,40.04792581020621,4.708443915710898,378.6527665956317
2024-09-23 19:00:00,2298.136846515027,14.20644398048059,46.713508726354085,3.2035827974194984,311.75037002126027
2024-09-23 20:00:00,2091.9618445591905,13.035648314713733,38.76274860018385,5.4619556110409615,239.0406539077451
2024-09-23 21:00:00,2023.2635612601218,13.412689657344897,40.402775803224856,7.748980371789832,161.87806269421458
2024-09-23 22:00:00,2000.0,15.909740072319458,38.444600431893846,2.854479650512357,81.69998945774799
2024-09-23 23:00:00,2000.0,15.966251777529587,37.038701156171086,5.667973207597658,7.347880794884119e-14
2024-09-24 00:00:00,2000.0,16.19648990128151,48.719924395502076,8.479038334162441,0.0
2024-09-24 01:00:00,2000.0,15.333347073321935,46.784459458463694,8.092155899693722,81.69998945774796
2024-09-24 02:00:00,2000.0,13.576901895147767,42.43265950580338,6.412010378214689,161.87806269421458
2024-09-24 03:00:00,2000.0,15.00190675852366,49.08228371413782,6.831534518486243,239.04065390774488
2024-09-24 04:00:00,2000.0,17.89791384639255,37.145595620189596,3.7176664951906027,311.7503700212601
2024-09-24 05:00:00,2000.0,15.440777257071803,51.16518231827511,3.489281147876736,378.6527665956316
2024-09-24 06:00:00,2000.0,11.215436307884005,37.949730631138706,6.232744364774525,438.50157856687446
2024-09-24 07:00:00,2468.436119817359,15.162298059912588,41.465442218396966,7.534338168568002,490.18193580626524
2024-09-24 08:00:00,2662.216484117951,9.395193259473697,45.10276807117639,4.421830749265746,532.7311310414251
2024-09-24 09:00:00,2469.6000260899336,13.75881986488132,44.58684690127849,5.293261102047006,565.3565532712923
2024-09-24 10:00:00,2553.7744734348153,15.894376848173717,42.46669937433977,6.664018642777069,587.4504526093938
2024-09-24 11:00:00,2787.101538897001,14.13019539395006,46.25849930387301,3.0007241514215033,598.6012615143236
2024-09-24 12:00:00,2700.6766776834406,14.714081167974427,42.14685620384668,2.086830250758004,598.6012615143235
2024-09-24 13:00:00,3095.6079739531456,12.11013614203269,41.356228363950336,6.634181006639878,587.4504526093938
2024-09-24 14:00:00,2550.2924732024944,16.35293109946476,28.639169866497273,10.050964262819402,565.3565532712923
2024-09-24 15:00:00,2739.1660565610914,15.81452759944824,35.907938058912606,6.077790896829225,532.7311310414251
2024-09-24 16:00:00,2595.2895868272126,15.671961884872559,42.92765350824598,5.788224247659291,490.1819358062653
2024-09-24 17:00:00,2589.2684259614252,14.455551266242606,40.60718841128437,2.3624273841740857,438.5015785668746
2024-09-24 18:00:00,2592.535490675304,19.18214900234061,44.80224193526631,4.732088921862462,378.6527665956317
2024-09-24 19:00:00,2235.0862947694905,15.652815446254014,41.065643481703496,4.800015776388705,311.75037002126027
2024-09-24 20:00:00,2312.955653045379,14.593661123864168,39.61597388480499,5.7742168658297155,239.0406539077451
2024-09-24 21:00:00,2234.668084254376,19.62680164961933,45.69014939787507,7.681791457143426,161.87806269421458
2024-09-24 22:00:00,2000.0,13.542924308799176,37.48229341445655,4.545193291153717,81.69998945774799
2024-09-24 23:00:00,2045.0100413848265,15.653188507938056,37.13187819289256,8.482833753435006,7.347880794884119e-14
2024-09-25 00:00:00,2000.0,15.877629365122708,46.57688431962259,4.811911664232522,0.0
2024-09-25 01:00:00,2000.0,14.572202670045229,46.66553760099839,4.500117663367931,81.69998945774796
2024-09-25 02:00:00,2000.0,16.8452727792427,45.15470098849074,3.416621118883084,161.87806269421458
2024-09-25 03:00:00,2000.0,16.534255017854896,42.171694943985585,8.122011354677518,239.04065390774488
2024-09-25 04:00:00,2000.0,16.74002900854224,41.20715127813757,0.3046547565772846,311.7503700212601
2024-09-25 05:00:00,2000.0,14.6151342956427,40.5326066229121,5.311038649699775,378.6527665956316
2024-09-25 06:00:00,2099.1394882000195,15.62924085672525,33.96443061777879,6.321942046730963,438.50157856687446
2024-09-25 07:00:00,2410.855472648783,15.69317008062583,47.91287347845969,4.981735832558418,490.18193580626524
2024-09-25 08:00:00,2544.4761201985234,19.424746489034902,43.72400758629759,5.451695012961051,532.7311310414251
2024-09-25 09:00:00,3073.1997294769117,15.999257094358212,52.49754851903376,4.872102292255505,565.3565532712923
2024-09-25 10:00:00,2817.3318573674014,15.007926893204056,40.77057750786305,7.974660820244726,587.4504526093938
2024-09-25 11:00:00,2911.3907283990698,14.440791703509545,42.70078553025797,8.489723507844104,598.6012615143236
2024-09-25 12:00:00,2852.760013012148,17.840036031789317,46.54454020620281,6.955718677011138,598.6012615143235
2024-09-25 13:00:00,2940.5389548083745,15.450875222529413,42.851123472896376,6.904743119686879,587.4504526093938
2024-09-25 14:00:00,2883.714688434216,19.24295182988061,42.35354210806446,5.635587074584086,565.3565532712923
2024-09-25 15:00:00,2627.6455044076474,15.3853307246296,46.9260634827769,7.757956021376614,532.7311310414251
2024-09-25 16:00:00,2808.767417770806,15.181327611359627,48.09777871908816,7.013021437470524,490.1819358062653
2024-09-25 17:00:00,2463.28000083329,15.550215601863165,39.549033564953746,3.313184721651149,438.5015785668746
2024-09-25 18:00:00,2456.6461740631903,18.115026162095365,37.43002756745692,4.794491976589417,378.6527665956317
2024-09-25 19:00:00,2257.0244045894815,14.946228244175138,41.7429581449408,3.881634915090043,311.75037002126027
2024-09-25 20:00:00,2203.7624552940892,20.276528792009923,44.57555602464464,6.497475374736295,239.0406539077451
2024-09-25 21:00:00,2116.11442195798,16.318477069451337,44.21007043919141,4.253796978999645,161.87806269421458
2024-09-25 22:00:00,2214.3533706832345,16.01163511845268,46.62758953962522,6.000883476897744,81.69998945774799
2024-09-25 23:00:00,2017.55486107898,16.06038729909837,37.14283776064628,3.3583346069242936,7.347880794884119e-14
2024-09-26 00:00:00,2000.0,18.865669909022778,36.602035325717516,6.893516823036505,0.0
2024-09-26 01:00:00,2000.0,14.391297750140161,37.54212571087853,6.57652148028926,81.69998945774796
2024-09-26 02:00:00,2000.0,17.77811368084115,48.44167979829237,9.65929860727694,161.87806269421458
2024-09-26 03:00:00,2000.0,13.318902817080655,36.901207183856,5.899047296619524,239.04065390774488
2024-09-26 04:00:00,2000.0,15.838787795416122,45.838399707942784,10.84775062998088,311.7503700212601
2024-09-26 05:00:00,2000.0,17.663136029694424,31.84975521067244,3.3000604158571063,378.6527665956316
2024-09-26 06:00:00,2002.388153020842,18.407689496126647,38.908958368884484,5.025220160571268,438.50157856687446
2024-09-26 07:00:00,2311.3487695892,15.171900514813943,51.45113477578433,2.3918403702513804,490.18193580626524
2024-09-26 08:00:00,2467.596286495203,17.510695025362324,44.26158568413449,6.3572123250638075,532.7311310414251
2024-09-26 09:00:00,2645.7520963179586,19.941092449028044,50.07940075470401,5.085593914029535,565.3565532712923
2024-09-26 10:00:00,2758.4371833367704,15.879445443095825,40.79616549181651,6.077528997997228,587.4504526093938
2024-09-26 11:00:00,2882.2146542573246,16.823445859933344,39.32094046141418,3.790308083644999,598.6012615143236
2024-09-26 12:00:00,3186.748357982512,18.95683689368979,40.90478437763198,4.799047761286296,598.6012615143235
2024-09-26 13:00:00,2864.274745275404,15.725487706905378,36.01608748791933,5.568710797623263,587.4504526093938
2024-09-26 14:00:00,2600.8514987346234,18.333514956035252,43.24325594154345,5.0143239158348925,565.3565532712923
2024-09-26 15:00:00,2918.049525060054,18.520384860557265,38.15631142187448,8.24632644006212,532.7311310414251
2024-09-26 16:00:00,2717.696337584075,16.13337232458374,46.50418369349061,4.103901604381256,490.1819358062653
2024-09-26 17:00:00,3022.0253355169507,17.1604421000049,43.9296412870775,6.621618704176113,438.5015785668746
2024-09-26 18:00:00,2387.8641397218103,19.11082130805486,47.410499613106005,4.736703668444718,378.6527665956317
2024-09-26 19:00:00,2323.006593160326,18.08087507051614,49.23105682987659,5.38412531315856,311.75037002126027
2024-09-26 20:00:00,2569.2453134919906,20.592914862359738,42.775591881049735,9.58343092197255,239.0406539077451
2024-09-26 21:00:00,2468.6150831003033,16.555349056756423,50.9960634638771,3.758676008599664,161.87806269421458
2024-09-26 22:00:00,2379.6172326040914,17.218090811235214,41.45832425218309,3.9464708682543312,81.69998945774799
2024-09-26 23:00:00,2000.0,19.21167157300116,52.55290191528988,3.1772801010496012,7.347880794884119e-14
2024-09-27 00:00:00,2000.0,19.92491293819448,48.18536123320874,5.4810261890437495,0.0
2024-09-27 01:00:00,2000.0,17.44943640654013,55.34066401393995,2.020061413855324,81.69998945774796
2024-09-27 02:00:00,2000.0,19.263229710032327,44.704674022852146,3.436049220748732,161.87806269421458
2024-09-27 03:00:00,2000.0,18.02581141993542,49.235779567731456,3.9330235122407573,239.04065390774488
2024-09-27 04:00:00,2000.0,20.54117224938952,48.64828047858009,7.557889858812456,311.7503700212601
2024-09-27 05:00:00,2000.0,15.199011957825162,38.69619435774145,10.229647586012183,378.6527665956316
2024-09-27 06:00:00,2166.984023295322,18.77809843496991,49.660382646085324,4.972436168397467,438.50157856687446
2024-09-27 07:00:00,2475.5599960545283,18.442595224895747,41.579614901085264,5.094083557263877,490.18193580626524
2024-09-27 08:00:00,2892.3679700252706,17.201309150274817,48.237493393131956,6.327407738496203,532.7311310414251
2024-09-27 09:00:00,2891.51238734114,16.293286696940008,39.63928643398098,3.0004023248721197,565.3565532712923
2024-09-27 10:00:00,2726.439407217488,17.168616926108008,58.97007387636525,8.871076195740162,587.4504526093938
2024-09-27 11:00:00,2956.4558247747027,22.70975014368503,51.00477562342152,5.324346554430002,598.6012615143236
2024-09-27 12:00:00,3119.238058656027,12.416754712310937,51.334691143488975,3.092918408613825,598.6012615143235
2024-09-27 13:00:00,3130.523475663354,19.52654014377438,50.008798199773175,5.438234939024447,587.4504526093938
2024-09-27 14:00:00,2964.8640216934186,22.53023569337285,42.0371812890577,1.835060355564221,565.3565532712923
2024-09-27 15:00:00,2999.107945238305,22.19927862353131,46.58604674356472,4.132171772063048,532.7311310414251
2024-09-27 16:00:00,2922.226185644271,21.908848983087665,45.436413372783,3.981079547808728,490.1819358062653
2024-09-27 17:00:00,2670.3848822424798,17.207955235432777,42.53180203080919,6.130424629730719,438.5015785668746
2024-09-27 18:00:00,2608.5378057559033,19.213382241622668,49.500865111159236,4.589310950312066,378.6527665956317
2024-09-27 19:00:00,2531.475410389569,18.27921861846692,39.52045538163807,5.344155214044489,311.75037002126027
2024-09-27 20:00:00,2265.718189959454,19.7323736544131,40.75979684241967,4.705765721221612,239.0406539077451
2024-09-27 21:00:00,2444.8693323170646,18.491376156625847,46.837543893662136,2.9995626296411704,161.87806269421458
2024-09-27 22:00:00,2440.9684929797463,16.625898143522498,47.47788826985025,3.0229399554933303,81.69998945774799
2024-09-27 23:00:00,2212.0504084162144,19.399875512719984,45.90518194408705,5.6249908128904895,7.347880794884119e-14
2024-09-28 00:00:00,2000.0,20.202621421609628,44.726569072636956,4.426297434448138,0.0
2024-09-28 01:00:00,2000.0,17.52238084684977,41.60707339813893,4.536442976347967,81.69998945774796
2024-09-28 02:00:00,2000.0,20.15214694889275,53.800019454802204,5.344364351512149,161.87806269421458
2024-09-28 03:00:00,2000.0,20.877928909944853,45.49767339123967,4.237289703372581,239.04065390774488
2024-09-28 04:00:00,2000.0,18.221720024499653,44.63431037089614,9.140323407736362,311.7503700212601
2024-09-28 05:00:00,2029.7475981143243,23.20473097800883,50.975130537759235,6.985914501650319,378.6527665956316
2024-09-28 06:00:00,2377.5307242737813,20.942629734743345,48.17243379172611,6.651488592986586,438.50157856687446
2024-09-28 07:00:00,2700.8100444822117,19.93761211149094,57.96361868376749,3.526508588738122,490.18193580626524
2024-09-28 08:00:00,2912.070511846762,14.75403790064845,49.64887040013325,5.108444353606552,532.7311310414251
2024-09-28 09:00:00,2944.1270629616397,21.55512866670522,51.58173070904186,4.040000246977446,565.3565532712923
2024-09-28 10:00:00,2849.065938524399,19.955882431870034,46.05507616140769,4.802451887436027,587.4504526093938
2024-09-28 11:00:00,3015.0161032030646,23.711991145931094,47.78166956393884,10.525739547874327,598.6012615143236
2024-09-28 12:00:00,3211.4888461916594,17.06963977053656,43.17719716028204,5.979539504602283,598.6012615143235
2024-09-28 13:00:00,3201.866275058651,19.83653930150293,47.172046343323814,3.119325802367565,587.4504526093938
2024-09-28 14:00:00,3208.5228255583966,18.949752350235972,50.38364775046866,7.222148233190715,565.3565532712923
2024-09-28 15:00:00,3190.898025582694,20.657303814080628,53.005253153566585,2.5500842425598167,532.7311310414251
2024-09-28 16:00:00,3223.0717912846176,21.589886128777703,51.982640504685506,3.746431699240917,490.1819358062653
2024-09-28 17:00:00,2773.0360962709083,16.157432563392064,46.30078822520936,2.7483281349889355,438.5015785668746
2024-09-28 18:00:00,2590.0076414603664,19.7014129941528,49.441867440037484,2.3235787431908697,378.6527665956317
2024-09-28 19:00:00,2872.5107081081305,19.97052721783031,49.3048798393818,7.817226640277309,311.75037002126027
2024-09-28 20:00:00,2788.4810510158095,22.327137814089664,49.746836189309995,1.939558711837908,239.0406539077451
2024-09-28 21:00:00,2575.920500640728,18.592057926538374,51.43043230736824,7.363902628051166,161.87806269421458
2024-09-28 22:00:00,2440.1394239208985,19.556027114227504,46.31414209406636,3.751102035973272,81.69998945774799
2024-09-28 23:00:00,2211.365500152018,19.64062280121687,51.96259707759467,4.751386429627996,7.347880794884119e-14
2024-09-29 00:00:00,2000.0,17.885509563432265,49.790763447748006,3.9892440160103475,0.0
2024-09-29 01:00:00,2114.0006709604168,24.288592653280226,61.84715749226304,8.44178984372794,81.69998945774796
2024-09-29 02:00:00,2000.0,20.764597308262378,45.33336611791635,6.596142961521958,161.87806269421458
2024-09-29 03:00:00,2000.0,21.171976933645965,47.112190216221975,6.614372395761345,239.04065390774488
2024-09-29 04:00:00,2000.0,26.615118004681236,56.492929282420654,8.680545471265663,311.7503700212601
2024-09-29 05:00:00,2160.594036105344,23.573045497069877,56.78806822433505,7.167109622004155,378.6527665956316
2024-09-29 06:00:00,2480.792451879317,22.503376292566184,54.586481753822575,1.4192660183757386,438.50157856687446
2024-09-29 07:00:00,2731.4956641282247,20.228103324275853,51.49127745218569,7.690744845502122,490.18193580626524
2024-09-29 08:00:00,3148.94094042492,16.532886495868546,55.93510000653201,2.7221647212886073,532.7311310414251
2024-09-29 09:00:00,3373.50069054288,23.15587278102157,47.56814826161812,3.7736510081279464,565.3565532712923
2024-09-29 10:00:00,3178.858368275162,21.73251816583805,60.27263673209638,3.514774758716764,587.4504526093938
2024-09-29 11:00:00,3257.324877407386,21.367721662907687,51.4361756568326,6.660855947240469,598.6012615143236
2024-09-29 12:00:00,3256.8757031924315,22.596627725584224,52.250649083660214,5.3048818061023,598.6012615143235
2024-09-29 13:00:00,3116.2189767027385,23.992759516067125,54.044790762369274,3.037434846964609,587.4504526093938
2024-09-29 14:00:00,2961.8900053397833,20.493744096693412,50.39920036448077,4.124750377325549,565.3565532712923
2024-09-29 15:00:00,3201.4675960200966,18.3005101398627,53.76260428293306,4.910011806213263,532.7311310414251
2024-09-29 16:00:00,2970.049752370754,18.187292569667516,54.194331446355335,5.923096909421904,490.1819358062653
2024-09-29 17:00:00,2904.4552918868712,23.97684606947196,53.350089801483804,5.054515370942007,438.5015785668746
2024-09-29 18:00:00,2827.879880985277,23.813466617331482,58.56077343521441,5.016988051270576,378.6527665956317
2024-09-29 19:00:00,2989.339879702415,25.222941605769012,51.35827408702625,3.5183227194264015,311.75037002126027
2024-09-29 20:00:00,2774.311779527462,23.841819420297703,57.62726131055337,3.3041197538628233,239.0406539077451
2024-09-29 21:00:00,2755.6433246246615,19.22305326619449,52.44112587415908,6.393426264063899,161.87806269421458
2024-09-29 22:00:00,2328.0657503549373,24.192856349753427,51.630895430004024,5.66637356230798,81.69998945774799
2024-09-29 23:00:00,2604.162970302232,24.006304458659027,55.051438879964884,5.2593523334226475,7.347880794884119e-14
2024-09-30 00:00:00,2049.931654608722,23.109638693955382,48.11165175260972,8.040564935509707,0.0
2024-09-30 01:00:00,2102.5078839429566,24.48813267584702,51.395424608331,7.624343582121442,81.69998945774796
2024-09-30 02:00:00,2000.0,22.4158532010572,53.399999202383,5.34998033346299,161.87806269421458
2024-09-30 03:00:00,2000.0,21.846757554617504,62.46712074321343,7.093491600769258,239.04065390774488
2024-09-30 04:00:00,2000.0,22.376644937027432,48.49535779982776,5.501329927046781,311.7503700212601
2024-09-30 05:00:00,2000.0,23.686605560786642,64.27612841027597,7.246435153791005,378.6527665956316
2024-09-30 06:00:00,2627.1662602738415,24.195290582022785,51.045376472617654,4.682483297483494,438.50157856687446
2024-09-30 07:00:00,2791.3705868027896,26.50656140263635,48.4731088595876,2.0446960032819965,490.18193580626524
2024-09-30 08:00:00,3225.0614837192766,21.176929287303203,58.7252862716774,1.815727800772951,532.7311310414251
2024-09-30 09:00:00,2994.8621636708726,25.06371925674054,64.82420824934272,6.427539716264419,565.3565532712923
2024-09-30 10:00:00,3596.347279789173,24.51034883865649,55.667705814098284,3.518220134763709,587.4504526093938
2024-09-30 11:00:00,3647.5321520706157,23.77583560819157,54.01057105122044,1.9548848636959248,598.6012615143236
2024-09-30 12:00:00,3491.712617832205,24.98267688964596,57.52432966164122,4.055685378555222,598.6012615143235
2024-09-30 13:00:00,3663.4667532299045,25.941441951218792,56.64975835050408,1.9929105797400664,587.4504526093938
2024-09-30 14:00:00,3530.996425396201,22.003819181812087,59.882596752972354,2.6653558723279382,565.3565532712923
2024-09-30 15:00:00,3337.170517751248,26.41601478829093,56.87538603332651,6.134081745898447,532.7311310414251
2024-09-30 16:00:00,3421.4041812600904,25.441968639417794,69.44714269459348,6.207872201761967,490.1819358062653
2024-09-30 17:00:00,3080.07444609433,26.106738542063756,56.2428341516867,4.323102316429733,438.5015785668746
2024-09-30 18:00:00,2953.7984310653533,26.03685840681153,56.26247842957998,6.04143315354115,378.6527665956317
2024-09-30 19:00:00,2772.2832011777145,24.846403455782212,58.113671242045065,4.356154482945963,311.75037002126027
2024-09-30 20:00:00,2891.34443358827,23.967090840244307,59.07169197251896,2.126961927246587,239.0406539077451
2024-09-30 21:00:00,2777.3368289538894,25.45504970090738,63.937737300305166,7.7835608107084875,161.87806269421458
2024-09-30 22:00:00,2845.0146234905715,27.491931369033903,54.56582697450089,6.198289200525708,81.69998945774799
2024-09-30 23:00:00,2352.9167467763223,21.679122767323875,68.67558000202546,10.480889695615428,7.347880794884119e-14
